/work/prints/*	/pictures/:splat	302
/writing/2020/08/31/tokyo-storefront-paintings-by-mateusz-urbanowicz	/blog/2020/08/31/tokyo-storefront-paintings-by-mateusz-urbanowicz	302
/writing/2020/08/24/kaethe-butcher	/blog/2020/08/24/kaethe-butcher	302
/writing/2020/08/17/scientific-tattoos	/blog/2020/08/17/scientific-tattoos	302
/writing/2020/08/04/new-prints-are-in	/blog/2020/08/04/new-prints-are-in	302
/writing/2020/07/27/frogger-in-reverse	/blog/2020/07/27/frogger-in-reverse	302
/writing/2020/06/21/fog	/blog/2020/06/21/fog	302
/writing/2020/06/16/new-work-my-inventory	/blog/2020/06/16/new-work-my-inventory	302
/writing/2020/06/07/dominic-frasers-lego-race-photos	/blog/2020/06/07/dominic-frasers-lego-race-photos	302
/writing/2020/06/02/george-floyd	/blog/2020/06/02/george-floyd	302
/writing/2020/05/25/new-proof-came-in	/blog/2020/05/25/new-proof-came-in	302
/writing/2020/05/01/air-we-share	/blog/2020/05/01/air-we-share	302
/writing/2020/04/15/pretty-much	/blog/2020/04/15/pretty-much	302
/writing/2020/04/08/coach-kessler	/blog/2020/04/08/coach-kessler	302
/writing/2020/04/03/roberta-williams-and-the-birth-of-adventure-games	/blog/2020/04/03/roberta-williams-and-the-birth-of-adventure-games	302
/writing/2020/03/17/martin-lewis-streetscape-etchings	/blog/2020/03/17/martin-lewis-streetscape-etchings	302
/writing/2020/03/11/all-about-fountain-pens	/blog/2020/03/11/all-about-fountain-pens	302
/writing/2020/02/25/the-return-of-serotta-but-not-their-lovely-logo	/blog/2020/02/25/the-return-of-serotta-but-not-their-lovely-logo	302
/writing/2020/02/18/jonks-photos-of-reclaimed-buildings	/blog/2020/02/18/jonks-photos-of-reclaimed-buildings	302
/writing/2020/02/11/painting-with-data	/blog/2020/02/11/painting-with-data	302
/writing/2020/02/08/brace-yourselves-for-the-next-y2k	/blog/2020/02/08/brace-yourselves-for-the-next-y2k	302
/writing/2020/02/03/the-history-of-myst	/blog/2020/02/03/the-history-of-myst	302
/writing/2020/01/10/javascript-and-the-mysteries-of-async-await	/blog/2020/01/10/javascript-and-the-mysteries-of-async-await	302
/writing/2019/11/yann-philippes-infrared-landscapes-in-norway	/blog/2019/11/08/yann-philippes-infrared-landscapes-in-norway	302
/writing/2019/11/08/yann-philippes-infrared-landscapes-in-norway	/blog/2019/11/08/yann-philippes-infrared-landscapes-in-norway	302
/writing/2019/08/national-park-design-system	/blog/2019/08/23/national-park-design-system	302
/writing/2019/08/23/national-park-design-system	/blog/2019/08/23/national-park-design-system	302
/writing/2019/08/google-slides	/blog/2019/08/23/google-slides	302
/writing/2019/08/23/google-slides	/blog/2019/08/23/google-slides	302
/writing/2019/08/cpt-is-bringing-the-weird-back	/blog/2019/08/06/cpt-is-bringing-the-weird-back	302
/writing/2019/08/06/cpt-is-bringing-the-weird-back	/blog/2019/08/06/cpt-is-bringing-the-weird-back	302
/writing/2019/07/birchbark-louise-erdrichs-bookstore	/blog/2019/07/25/birchbark-louise-erdrichs-bookstore	302
/writing/2019/07/25/birchbark-louise-erdrichs-bookstore	/blog/2019/07/25/birchbark-louise-erdrichs-bookstore	302
/writing/2019/07/fontsmiths-guide-to-type-styles	/blog/2019/07/16/fontsmiths-guide-to-type-styles	302
/writing/2019/07/16/fontsmiths-guide-to-type-styles	/blog/2019/07/16/fontsmiths-guide-to-type-styles	302
/writing/2019/07/finished-a-new-sketchbook	/blog/2019/07/09/finished-a-new-sketchbook	302
/writing/2019/07/09/finished-a-new-sketchbook	/blog/2019/07/09/finished-a-new-sketchbook	302
/writing/2019/07/mild-peril	/blog/2019/07/01/mild-peril	302
/writing/2019/07/01/mild-peril	/blog/2019/07/01/mild-peril	302
/writing/2019/06/techna-sans	/blog/2019/06/25/techna-sans	302
/writing/2019/06/25/techna-sans	/blog/2019/06/25/techna-sans	302
/writing/2019/06/levi-walter-yaggys-amazing-geographic-illustrations	/blog/2019/06/09/levi-walter-yaggys-amazing-geographic-illustrations	302
/writing/2019/06/09/levi-walter-yaggys-amazing-geographic-illustrations	/blog/2019/06/09/levi-walter-yaggys-amazing-geographic-illustrations	302
/writing/2019/06/inked-a-new-drawing-last-night	/blog/2019/06/06/inked-a-new-drawing-last-night	302
/writing/2019/06/06/inked-a-new-drawing-last-night	/blog/2019/06/06/inked-a-new-drawing-last-night	302
/writing/2019/05/thank-you-mr-pei-well-miss-you	/blog/2019/05/17/thank-you-mr-pei-well-miss-you	302
/writing/2019/05/17/thank-you-mr-pei-well-miss-you	/blog/2019/05/17/thank-you-mr-pei-well-miss-you	302
/writing/2019/05/an-aero-bicycle-frame-made-from-wood	/blog/2019/05/16/an-aero-bicycle-frame-made-from-wood	302
/writing/2019/05/16/an-aero-bicycle-frame-made-from-wood	/blog/2019/05/16/an-aero-bicycle-frame-made-from-wood	302
/writing/2019/01/friction	/blog/2019/01/24/friction	302
/writing/2019/01/24/friction	/blog/2019/01/24/friction	302
/writing/2019/01/snowy-trees-by-pierre-pelligrini	/blog/2019/01/03/snowy-trees-by-pierre-pelligrini	302
/writing/2019/01/03/snowy-trees-by-pierre-pelligrini	/blog/2019/01/03/snowy-trees-by-pierre-pelligrini	302
/writing/2018/11/af-klint	/blog/2018/11/22/af-klint	302
/writing/2018/11/playgrounds	/blog/2018/11/20/playgrounds	302
/writing/2018/11/shanghai-night	/blog/2018/11/18/shanghai-night	302
/writing/2018/09/nike-kapernick	/blog/2018/09/29/nike-kapernick	302
/writing/2018/09/kenichi-hoshine	/blog/2018/09/24/kenichi-hoshine	302
/writing/2018/09/why-i-love	/blog/2018/09/08/why-i-love	302
/writing/2018/07/wanderers	/blog/2018/07/26/wanderers	302
/writing/2018/05/coffee-by-bike	/blog/2018/05/14/coffee-by-bike	302
/writing/2018/05/schnyder	/blog/2018/05/10/schnyder	302
/writing/2018/03/santoor	/blog/2018/03/24/santoor	302
/writing/2018/02/still-alive	/blog/2018/02/15/still-alive	302
/writing/2018/01/dot-mail	/blog/2018/01/26/dot-mail	302
/writing/2018/01/lines-and-colors	/blog/2018/01/19/lines-and-colors	302
/writing/2018/01/ff-attribute	/blog/2018/01/05/ff-attribute	302
/writing/2017/11/thomas-bjorkland	/blog/2017/11/20/thomas-bjorkland	302
/writing/2017/10/luna-display	/blog/2017/10/30/luna-display	302
/writing/2017/10/farm-visit	/blog/2017/10/29/farm-visit	302
/writing/2017/10/diwali	/blog/2017/10/18/diwali	302
/writing/2017/10/phillip-pullman	/blog/2017/10/13/phillip-pullman	302
/writing/2017/09/passenger-seat	/blog/2017/09/30/passenger-seat	302
/writing/2017/09/font-review-journal	/blog/2017/09/05/font-review-journal	302
/writing/2017/09/rainy-day	/blog/2017/09/02/rainy-day	302
/writing/2017/08/its-not-your-country-and-it-never-was	/blog/2017/08/14/its-not-your-country-and-it-never-was	302
/writing/2017/03/perfect-evening	/blog/2017/03/29/perfect-evening	302
/writing/2017/01/quebec-city-travel-ban	/blog/2017/01/30/quebec-city-travel-ban	302
/writing/2017/01/lennart-nilsson	/blog/2017/01/28/lennart-nilsson	302
/writing/2016/11/paper-test	/blog/2016/11/24/paper-test	302
/writing/2016/09/birthday	/blog/2016/09/01/birthday	302
/writing/2016/08/how-kate-bush-changed-the-course-of-hip-hop	/blog/2016/08/05/how-kate-bush-changed-the-course-of-hip-hop	302
/writing/2016/01/andys-journal	/blog/2016/01/10/andys-journal	302
/writing/2015/10/pens	/blog/2015/10/01/pens	302
/writing/2014/07/eroded_asphalt	/blog/2014/07/01/eroded_asphalt	302
/writing/2014/02/homeward	/blog/2014/02/18/homeward	302
/writing/2013/11/up-and-down	/blog/2013/11/06/up-and-down	302